<?xml version="1.0" encoding="utf-8" standalone="yes"?>
<rss version="2.0" xmlns:atom="http://www.w3.org/2005/Atom">
  <channel>
    <title>Linux Process Injection - (Simple ptrace injection) on </title>
    <link>https://mutur4.github.io/posts/process-injection/</link>
    <description>Recent content in Linux Process Injection - (Simple ptrace injection) on </description>
    <generator>Hugo -- gohugo.io</generator>
    <language>en</language>
    <lastBuildDate>Sun, 21 Aug 2022 04:02:29 -0400</lastBuildDate><atom:link href="https://mutur4.github.io/posts/process-injection/index.xml" rel="self" type="application/rss+xml" />
  </channel>
</rss>
