<?xml version="1.0" encoding="utf-8" standalone="yes"?>
<rss version="2.0" xmlns:atom="http://www.w3.org/2005/Atom">
  <channel>
    <title>pwn on </title>
    <link>https://mutur4.github.io/tags/pwn/</link>
    <description>Recent content in pwn on </description>
    <generator>Hugo -- gohugo.io</generator>
    <language>en</language>
    <lastBuildDate>Sun, 06 Mar 2022 20:12:00 +0300</lastBuildDate><atom:link href="https://mutur4.github.io/tags/pwn/index.xml" rel="self" type="application/rss+xml" />
    <item>
      <title>Sig-Return Oriented Programming Attack - (SROP)</title>
      <link>https://mutur4.github.io/posts/sig-return-oriented-programming/</link>
      <pubDate>Sun, 06 Mar 2022 20:12:00 +0300</pubDate>
      
      <guid>https://mutur4.github.io/posts/sig-return-oriented-programming/</guid>
      <description>This is a yet another binary exploitation attack that is somewhat similar to return-oriented-programming (ROP) and to understand how this works, we first need to understand how C signals work.</description>
    </item>
    
  </channel>
</rss>
