<?xml version="1.0" encoding="utf-8" standalone="yes"?>
<rss version="2.0" xmlns:atom="http://www.w3.org/2005/Atom">
  <channel>
    <title>Defense Evasion on </title>
    <link>https://mutur4.github.io/tags/defense-evasion/</link>
    <description>Recent content in Defense Evasion on </description>
    <generator>Hugo -- gohugo.io</generator>
    <language>en</language>
    <lastBuildDate>Sat, 15 Jul 2023 06:35:51 -0400</lastBuildDate><atom:link href="https://mutur4.github.io/tags/defense-evasion/index.xml" rel="self" type="application/rss+xml" />
    <item>
      <title>Linux Malware: Defense Evasion Techniques</title>
      <link>https://mutur4.github.io/posts/defense-evasion/</link>
      <pubDate>Sat, 15 Jul 2023 06:35:51 -0400</pubDate>
      
      <guid>https://mutur4.github.io/posts/defense-evasion/</guid>
      <description>Introduction #   This post will cover some of the different techniques that can be employed to avoid malware detection in a Linux host.</description>
    </item>
    
  </channel>
</rss>
