<?xml version="1.0" encoding="utf-8" standalone="yes"?>
<rss version="2.0" xmlns:atom="http://www.w3.org/2005/Atom">
  <channel>
    <title>Process-Injection on </title>
    <link>https://mutur4.github.io/tags/process-injection/</link>
    <description>Recent content in Process-Injection on </description>
    <generator>Hugo -- gohugo.io</generator>
    <language>en</language>
    <lastBuildDate>Wed, 04 Oct 2023 13:50:30 -0400</lastBuildDate><atom:link href="https://mutur4.github.io/tags/process-injection/index.xml" rel="self" type="application/rss+xml" />
    <item>
      <title>Linux Remote Process Injection - (Injecting into a firefox process)</title>
      <link>https://mutur4.github.io/posts/remote-process-injection/</link>
      <pubDate>Wed, 04 Oct 2023 13:50:30 -0400</pubDate>
      
      <guid>https://mutur4.github.io/posts/remote-process-injection/</guid>
      <description>Introduction #   This blog will cover Remote Process Injection in Linux; a common evasion technique popular in the Windows Malware world.</description>
    </item>
    
    <item>
      <title>Linux Process Injection - (Simple ptrace injection)</title>
      <link>https://mutur4.github.io/posts/process-injection/</link>
      <pubDate>Sun, 21 Aug 2022 04:02:29 -0400</pubDate>
      
      <guid>https://mutur4.github.io/posts/process-injection/</guid>
      <description>Process Injection is a defense evasion technique that is often employed within malware and entails a method of executing arbitrary code in the address space of a separate live process, therefore, allowing access to the process&amp;rsquo;s memory, system resources and possibly network resources.</description>
    </item>
    
  </channel>
</rss>
