<?xml version="1.0" encoding="utf-8" standalone="yes"?>
<rss version="2.0" xmlns:atom="http://www.w3.org/2005/Atom">
  <channel>
    <title>HackTM CTF Quals 2023: (CS2100) on </title>
    <link>https://mutur4.github.io/ctfs/hacktm-ctf-2023/</link>
    <description>Recent content in HackTM CTF Quals 2023: (CS2100) on </description>
    <generator>Hugo -- gohugo.io</generator>
    <language>en</language>
    <lastBuildDate>Sun, 05 Mar 2023 22:26:00 -0500</lastBuildDate><atom:link href="https://mutur4.github.io/ctfs/hacktm-ctf-2023/index.xml" rel="self" type="application/rss+xml" />
  </channel>
</rss>
