<?xml version="1.0" encoding="utf-8" standalone="yes"?>
<rss version="2.0" xmlns:atom="http://www.w3.org/2005/Atom">
  <channel>
    <title>Pwnkit: Linux Privilege Escalation (CVE-2021-4034) on </title>
    <link>https://mutur4.github.io/posts/pwnkit/</link>
    <description>Recent content in Pwnkit: Linux Privilege Escalation (CVE-2021-4034) on </description>
    <generator>Hugo -- gohugo.io</generator>
    <language>en</language>
    <lastBuildDate>Tue, 01 Feb 2022 22:36:46 +0300</lastBuildDate><atom:link href="https://mutur4.github.io/posts/pwnkit/index.xml" rel="self" type="application/rss+xml" />
  </channel>
</rss>
