<?xml version="1.0" encoding="utf-8" standalone="yes"?>
<rss version="2.0" xmlns:atom="http://www.w3.org/2005/Atom">
  <channel>
    <title>N-Day on </title>
    <link>https://mutur4.github.io/tags/n-day/</link>
    <description>Recent content in N-Day on </description>
    <generator>Hugo -- gohugo.io</generator>
    <language>en</language>
    <lastBuildDate>Tue, 01 Feb 2022 22:36:46 +0300</lastBuildDate><atom:link href="https://mutur4.github.io/tags/n-day/index.xml" rel="self" type="application/rss+xml" />
    <item>
      <title>Pwnkit: Linux Privilege Escalation (CVE-2021-4034)</title>
      <link>https://mutur4.github.io/posts/pwnkit/</link>
      <pubDate>Tue, 01 Feb 2022 22:36:46 +0300</pubDate>
      
      <guid>https://mutur4.github.io/posts/pwnkit/</guid>
      <description>This was a Linux Priviledge Escalation (LPE) vulnerability in polkit&amp;rsquo;s pkexec that affected almost every linux distribution.</description>
    </item>
    
  </channel>
</rss>
