<?xml version="1.0" encoding="utf-8" standalone="yes"?>
<rss version="2.0" xmlns:atom="http://www.w3.org/2005/Atom">
  <channel>
    <title>Heap-Overflows on </title>
    <link>https://mutur4.github.io/tags/heap-overflows/</link>
    <description>Recent content in Heap-Overflows on </description>
    <generator>Hugo -- gohugo.io</generator>
    <language>en</language>
    <lastBuildDate>Wed, 21 Feb 2024 14:50:44 -0500</lastBuildDate><atom:link href="https://mutur4.github.io/tags/heap-overflows/index.xml" rel="self" type="application/rss+xml" />
    <item>
      <title>Linux Kernel: Abusing an AAW and a Heap Overflow for LPE (blunder driver challenge)</title>
      <link>https://mutur4.github.io/posts/linux-kernel-heap-overflow/</link>
      <pubDate>Wed, 21 Feb 2024 14:50:44 -0500</pubDate>
      
      <guid>https://mutur4.github.io/posts/linux-kernel-heap-overflow/</guid>
      <description>Introduction #  This blog will be about exploiting a Linux Kernel Driver by chaining a Heap Overflow bug with a &amp;lsquo;sandboxed&amp;rsquo; Arbitrary Address Write (AAW) for Local Priviledge Escalation by overwriting core_pattern with most mitigations enabled.</description>
    </item>
    
  </channel>
</rss>
