<?xml version="1.0" encoding="utf-8" standalone="yes"?>
<rss version="2.0" xmlns:atom="http://www.w3.org/2005/Atom">
  <channel>
    <title>Sig-Return Oriented Programming Attack - (SROP) on </title>
    <link>https://mutur4.github.io/posts/sig-return-oriented-programming/</link>
    <description>Recent content in Sig-Return Oriented Programming Attack - (SROP) on </description>
    <generator>Hugo -- gohugo.io</generator>
    <language>en</language>
    <lastBuildDate>Sun, 06 Mar 2022 20:12:00 +0300</lastBuildDate><atom:link href="https://mutur4.github.io/posts/sig-return-oriented-programming/index.xml" rel="self" type="application/rss+xml" />
  </channel>
</rss>
