<?xml version="1.0" encoding="utf-8" standalone="yes"?>
<rss version="2.0" xmlns:atom="http://www.w3.org/2005/Atom">
  <channel>
    <title>Linux Malware: Defense Evasion Techniques on </title>
    <link>https://mutur4.github.io/posts/defense-evasion/</link>
    <description>Recent content in Linux Malware: Defense Evasion Techniques on </description>
    <generator>Hugo -- gohugo.io</generator>
    <language>en</language>
    <lastBuildDate>Sat, 15 Jul 2023 06:35:51 -0400</lastBuildDate><atom:link href="https://mutur4.github.io/posts/defense-evasion/index.xml" rel="self" type="application/rss+xml" />
  </channel>
</rss>
