<?xml version="1.0" encoding="utf-8" standalone="yes"?>
<rss version="2.0" xmlns:atom="http://www.w3.org/2005/Atom">
  <channel>
    <title>The Anatomy of the Linux Kernel Stack on </title>
    <link>https://mutur4.github.io/posts/kernel-stack/</link>
    <description>Recent content in The Anatomy of the Linux Kernel Stack on </description>
    <generator>Hugo -- gohugo.io</generator>
    <language>en</language>
    <lastBuildDate>Sun, 28 May 2023 03:55:04 -0400</lastBuildDate><atom:link href="https://mutur4.github.io/posts/kernel-stack/index.xml" rel="self" type="application/rss+xml" />
  </channel>
</rss>
