<?xml version="1.0" encoding="utf-8" standalone="yes"?>
<rss version="2.0" xmlns:atom="http://www.w3.org/2005/Atom">
  <channel>
    <title>Kernel on </title>
    <link>https://mutur4.github.io/tags/kernel/</link>
    <description>Recent content in Kernel on </description>
    <generator>Hugo -- gohugo.io</generator>
    <language>en</language>
    <lastBuildDate>Sun, 28 May 2023 03:55:04 -0400</lastBuildDate><atom:link href="https://mutur4.github.io/tags/kernel/index.xml" rel="self" type="application/rss+xml" />
    <item>
      <title>The Anatomy of the Linux Kernel Stack</title>
      <link>https://mutur4.github.io/posts/kernel-stack/</link>
      <pubDate>Sun, 28 May 2023 03:55:04 -0400</pubDate>
      
      <guid>https://mutur4.github.io/posts/kernel-stack/</guid>
      <description>Introduction #    document.</description>
    </item>
    
  </channel>
</rss>
