<?xml version="1.0" encoding="utf-8" standalone="yes"?>
<rss version="2.0" xmlns:atom="http://www.w3.org/2005/Atom">
  <channel>
    <title>Linux Process Injection - (Emulating VirtualAllocEX and CreateRemoteThread) on </title>
    <link>https://mutur4.github.io/posts/remote-process-injection/</link>
    <description>Recent content in Linux Process Injection - (Emulating VirtualAllocEX and CreateRemoteThread) on </description>
    <generator>Hugo -- gohugo.io</generator>
    <language>en</language>
    <lastBuildDate>Wed, 04 Oct 2023 13:50:30 -0400</lastBuildDate><atom:link href="https://mutur4.github.io/posts/remote-process-injection/index.xml" rel="self" type="application/rss+xml" />
  </channel>
</rss>
